Id,Name,Role
1,Van David,Manager
14,Freddie Kihn,Sales Associate
23,Clarissa Gaylord,Developer
35,Rey Eichmann,Developer
42,Annetta Spinka,Developer
56,Giles Murazik,Developer
69,Christine Hirthe,Developer
6,Armani Waters,Manager
12,Lesly Turcotte,Sales Associate
21,Laisha Collier,Developer
27,Oleta Toy,Developer
30,Schuyler Schmeler,Developer
47,Enrique Kuhlman,Developer
51,Schuyler Rau,Developer
59,Carmine Maggio,Developer
61,Judge Johnson,Developer
4,David,Manager
13,Cecile O'Kon,Sales Associate
19,Stephon Greenholt,Developer
31,Mabelle Hermiston,Developer
33,Noble Roob,Developer
67,Jordan Toy,Developer
73,Cordelia Hamill,Developer
5,Jonatan Batz,Manager
16,Preston Balistreri,Sales Associate
24,Manuela Beahan,Developer
32,Edna Daniel,Developer
34,Jammie Feil,Developer
44,Shanny Abshire,Developer
55,Arden Maggio,Developer
2,Reta Bayer,Manager
10,Domenica Ankunding,Sales Associate
22,Fidel Heller,Developer
25,Maribel Kautzer,Developer
28,Chaim Daugherty,Developer
38,Larue Hilpert,Developer
74,Felix Gislason,Developer
11,Camron Schaden,Sales Associate
17,Addison Douglas,Developer
20,Josh Fetcher,Developer
36,Rachael Kuvalis,Developer
41,Lilian Witting,Developer
48,Drake Jenkins,Developer
57,Marty Wisozk,Developer
58,Alexandrine Goldner,Developer
62,Mikel Schumm,Developer
3,Tyreek Cole,Manager
8,Lenore Smitham,Sales Associate
37,Wade Breitenberg,Developer
45,Haylee Hyatt,Developer
52,Mose Kemmer,Developer
60,Orlando Dooley,Developer
76,Taylor Paucek,Developer
7,Cordia Cummerata,Sales Associate
26,Maiya ammes,Developer
49,Dominique Glover,Developer
53,Alysa Murray,Developer
54,Rodolfo Labadie,Developer
71,Kole Metz,Developer
72,Wendell Fadel,Developer
